scope,regime,target,model,frames,values,explained_variance,mse
d3d_shot_030fc156d6,all,ff_prime,tuned_transport,288,6912,-0.07328857320883331,0.008771699089759746
d3d_shot_030fc156d6,all,ff_prime,default_transport,288,6912,-0.07330064044367779,0.008771797712027367
d3d_shot_030fc156d6,all,ff_prime,persistence,288,6912,-0.07328244963520647,0.00877164904343805
d3d_shot_030fc156d6,all,psi,tuned_transport,288,6912,-0.3568880187683139,0.19399562063902814
d3d_shot_030fc156d6,all,psi,default_transport,288,6912,-5.0074178605215485,0.8588864668049313
d3d_shot_030fc156d6,all,psi,persistence,288,6912,-5.393933760974878,0.9141470269677074
d3d_shot_030fc156d6,ramp,ff_prime,tuned_transport,36,864,-1.6034254290998966,0.004257535095146673
d3d_shot_030fc156d6,ramp,ff_prime,default_transport,36,864,-1.6035636345260516,0.004257761110628283
d3d_shot_030fc156d6,ramp,ff_prime,persistence,36,864,-1.602550885463398,0.004256104902377173
d3d_shot_030fc156d6,ramp,psi,tuned_transport,36,864,-0.7429368339961071,0.06463931942280393
d3d_shot_030fc156d6,ramp,psi,default_transport,36,864,-0.1898593574968792,0.04412764569391436
d3d_shot_030fc156d6,ramp,psi,persistence,36,864,-2.0309902989558903,0.11240863482839641
d3d_shot_030fc156d6,flat_top,ff_prime,tuned_transport,252,6048,-0.15231339259093657,0.009416579660418756
d3d_shot_030fc156d6,flat_top,ff_prime,default_transport,252,6048,-0.15232323403830605,0.009416660083655808
d3d_shot_030fc156d6,flat_top,ff_prime,persistence,252,6048,-0.15233139545626484,0.009416726777875318
d3d_shot_030fc156d6,flat_top,psi,tuned_transport,252,6048,-1.1551104065891793,0.2124750922413459
d3d_shot_030fc156d6,flat_top,psi,default_transport,252,6048,-8.892158718372837,0.9752805841065052
d3d_shot_030fc156d6,flat_top,psi,persistence,252,6048,-9.433793832596013,1.0286810829876092
d3d_shot_03483bc887,all,ff_prime,tuned_transport,249,5976,-0.09737193634498742,0.012841474061337467
d3d_shot_03483bc887,all,ff_prime,default_transport,249,5976,-0.09738252612052212,0.012841597983157715
d3d_shot_03483bc887,all,ff_prime,persistence,249,5976,-0.09738197354042866,0.012841591516851533
d3d_shot_03483bc887,all,psi,tuned_transport,249,5976,-0.458315715475732,0.1502264588880556
d3d_shot_03483bc887,all,psi,default_transport,249,5976,-3.5926698418656207,0.47310779131277897
d3d_shot_03483bc887,all,psi,persistence,249,5976,-5.450453157382836,0.6644848751018118
d3d_shot_03483bc887,ramp,ff_prime,tuned_transport,44,1056,-0.14224084158850503,0.013453365303006778
d3d_shot_03483bc887,ramp,ff_prime,default_transport,44,1056,-0.14227604484210166,0.013453779928550926
d3d_shot_03483bc887,ramp,ff_prime,persistence,44,1056,-0.14216348414226365,0.013452454183437854
d3d_shot_03483bc887,ramp,psi,tuned_transport,44,1056,0.1526359924353945,0.18503143018590554
d3d_shot_03483bc887,ramp,psi,default_transport,44,1056,-1.6597141668577184,0.5807784043056329
d3d_shot_03483bc887,ramp,psi,persistence,44,1056,-1.2359764793221628,0.4882505300409304
d3d_shot_03483bc887,flat_top,ff_prime,tuned_transport,205,4920,-0.24221171281428955,0.012710141307027953
d3d_shot_03483bc887,flat_top,ff_prime,default_transport,205,4920,-0.24221772607586378,0.012710202833902588
d3d_shot_03483bc887,flat_top,ff_prime,persistence,205,4920,-0.24224476865327382,0.012710479529876908
d3d_shot_03483bc887,flat_top,psi,tuned_transport,205,4920,-1.2136719136450766,0.14275612358510248
d3d_shot_03483bc887,flat_top,psi,default_transport,205,4920,-5.97796992137088,0.44999800120699557
d3d_shot_03483bc887,flat_top,psi,persistence,205,4920,-9.890500642773574,0.702310783310001
d3d_shot_01cdf4e38c,all,ff_prime,tuned_transport,287,6888,-1.1296592748750882,0.040878009638845685
d3d_shot_01cdf4e38c,all,ff_prime,default_transport,287,6888,-1.129734373971798,0.04087945113779126
d3d_shot_01cdf4e38c,all,ff_prime,persistence,287,6888,-1.1296114238076709,0.04087709115558492
d3d_shot_01cdf4e38c,all,psi,tuned_transport,287,6888,0.27568338029348916,0.5336467390221779
d3d_shot_01cdf4e38c,all,psi,default_transport,287,6888,0.8262489137174,0.1280126647291911
d3d_shot_01cdf4e38c,all,psi,persistence,287,6888,-4.195061618898141,3.8275080489905107
d3d_shot_01cdf4e38c,ramp,ff_prime,tuned_transport,47,1128,-2.2517178911485782,0.0200795533989099
d3d_shot_01cdf4e38c,ramp,ff_prime,default_transport,47,1128,-2.2519165181337346,0.020080779932480287
d3d_shot_01cdf4e38c,ramp,ff_prime,persistence,47,1128,-2.2514343404926955,0.02007780245656906
d3d_shot_01cdf4e38c,ramp,psi,tuned_transport,47,1128,-1.62139815270285,0.2914062862479896
d3d_shot_01cdf4e38c,ramp,psi,default_transport,47,1128,-1.0039956068833669,0.22277307125475995
d3d_shot_01cdf4e38c,ramp,psi,persistence,47,1128,-3.0281839474106462,0.44779085665731166
d3d_shot_01cdf4e38c,flat_top,ff_prime,tuned_transport,237,5688,-1.1140513105466159,0.04551680774565803
d3d_shot_01cdf4e38c,flat_top,ff_prime,default_transport,237,5688,-1.1141211335904146,0.04551831107816701
d3d_shot_01cdf4e38c,flat_top,ff_prime,persistence,237,5688,-1.114015833245249,0.04551604389782823
d3d_shot_01cdf4e38c,flat_top,psi,tuned_transport,237,5688,-0.198400512113164,0.5884369950073929
d3d_shot_01cdf4e38c,flat_top,psi,default_transport,237,5688,0.7742781708336244,0.11083362658784628
d3d_shot_01cdf4e38c,flat_top,psi,persistence,237,5688,-8.25869412697118,4.546191439922427
d3d_shot_013ac85065,all,ff_prime,tuned_transport,285,6840,-0.9754131739031404,0.03399615532630463
d3d_shot_013ac85065,all,ff_prime,default_transport,285,6840,-0.9754775928187007,0.03399726395283819
d3d_shot_013ac85065,all,ff_prime,persistence,285,6840,-0.9753006480990756,0.0339942187973983
d3d_shot_013ac85065,all,psi,tuned_transport,285,6840,-0.15957885181496634,1.433089165850834
d3d_shot_013ac85065,all,psi,default_transport,285,6840,0.511164799192961,0.6041369494334916
d3d_shot_013ac85065,all,psi,persistence,285,6840,-2.839993291544373,4.7457340002698185
d3d_shot_013ac85065,ramp,ff_prime,tuned_transport,48,1152,-0.9013997666224416,0.006825002604625054
d3d_shot_013ac85065,ramp,ff_prime,default_transport,48,1152,-0.9015210915338037,0.006825438095809279
d3d_shot_013ac85065,ramp,ff_prime,persistence,48,1152,-0.9008375970186002,0.0068229847180775694
d3d_shot_013ac85065,ramp,psi,tuned_transport,48,1152,-0.9511972823813897,0.09877363783356125
d3d_shot_013ac85065,ramp,psi,default_transport,48,1152,-0.443335738594242,0.0730646371863269
d3d_shot_013ac85065,ramp,psi,persistence,48,1152,-2.478074726602264,0.17606732876554113
d3d_shot_013ac85065,flat_top,ff_prime,tuned_transport,237,5688,-1.114377008082175,0.03949917359904986
d3d_shot_013ac85065,flat_top,ff_prime,default_transport,237,5688,-1.1144436502366597,0.03950041855679341
d3d_shot_013ac85065,flat_top,ff_prime,persistence,237,5688,-1.1142742283988443,0.03949725354764047
d3d_shot_013ac85065,flat_top,psi,tuned_transport,237,5688,-0.8641021587806825,1.7033302854492691
d3d_shot_013ac85065,flat_top,psi,default_transport,237,5688,0.22112941184267043,0.711695898749373
d3d_shot_013ac85065,flat_top,psi,persistence,237,5688,-5.206525867410583,5.671236110954229
d3d_shot_0248065d53,all,ff_prime,tuned_transport,246,5904,-0.04099622440778816,0.007568860785242346
d3d_shot_0248065d53,all,ff_prime,default_transport,246,5904,-0.041023486103143325,0.007569058999195554
d3d_shot_0248065d53,all,ff_prime,persistence,246,5904,-0.041008953883924226,0.007568953338539356
d3d_shot_0248065d53,all,psi,tuned_transport,246,5904,0.16804625847073262,0.12676640000065656
d3d_shot_0248065d53,all,psi,default_transport,246,5904,0.14132361892767176,0.13083818025031585
d3d_shot_0248065d53,all,psi,persistence,246,5904,-5.790345969374638,1.034658143028869
d3d_shot_0248065d53,ramp,ff_prime,tuned_transport,34,816,-0.39655163366303214,0.012055303703290731
d3d_shot_0248065d53,ramp,ff_prime,default_transport,34,816,-0.39655510971039387,0.012055333709203597
d3d_shot_0248065d53,ramp,ff_prime,persistence,34,816,-0.3964429372986349,0.012054365415258504
d3d_shot_0248065d53,ramp,psi,tuned_transport,34,816,0.528018532683149,0.08118932037023267
d3d_shot_0248065d53,ramp,psi,default_transport,34,816,0.13389948172240496,0.14898490157042166
d3d_shot_0248065d53,ramp,psi,persistence,34,816,-1.292790741387305,0.39440133762589197
d3d_shot_0248065d53,flat_top,ff_prime,tuned_transport,212,5088,-0.016815216299943536,0.00684933692102704
d3d_shot_0248065d53,flat_top,ff_prime,default_transport,212,5088,-0.01684864688564902,0.006849562111741433
d3d_shot_0248065d53,flat_top,ff_prime,persistence,212,5088,-0.016853499299509522,0.006849594797933456
d3d_shot_0248065d53,flat_top,psi,tuned_transport,212,5088,-0.23562094999385885,0.1340759316394981
d3d_shot_0248065d53,flat_top,psi,default_transport,212,5088,-0.1789613414465665,0.12792785701973286
d3d_shot_0248065d53,flat_top,psi,persistence,212,5088,-9.481539451729232,1.1373408382350068
d3d_shot_011e881b81,all,ff_prime,tuned_transport,122,2928,-0.01164032601870546,0.01174926896623074
d3d_shot_011e881b81,all,ff_prime,default_transport,122,2928,-0.011710685693721024,0.01175008612893657
d3d_shot_011e881b81,all,ff_prime,persistence,122,2928,-0.011873982843755515,0.011751982674663177
d3d_shot_011e881b81,all,psi,tuned_transport,122,2928,-0.1870699820644437,0.21596233059373535
d3d_shot_011e881b81,all,psi,default_transport,122,2928,0.473140932076742,0.09585088825620133
d3d_shot_011e881b81,all,psi,persistence,122,2928,-3.5743750259332403,0.8322109955912358
d3d_shot_011e881b81,ramp,ff_prime,tuned_transport,59,1416,-0.1619164800198576,0.019917962269269
d3d_shot_011e881b81,ramp,ff_prime,default_transport,59,1416,-0.16199312991446102,0.019919276227487952
d3d_shot_011e881b81,ramp,ff_prime,persistence,59,1416,-0.16225479516640395,0.01992376178105828
d3d_shot_011e881b81,ramp,psi,tuned_transport,59,1416,0.48038867424164056,0.1437484763951757
d3d_shot_011e881b81,ramp,psi,default_transport,59,1416,0.7818344037284549,0.06035467379412698
d3d_shot_011e881b81,ramp,psi,persistence,59,1416,-2.0660345944325753,0.8482066877224772
d3d_shot_011e881b81,flat_top,ff_prime,tuned_transport,63,1512,-0.2096239490591305,0.0040992228570361795
d3d_shot_011e881b81,flat_top,ff_prime,default_transport,63,1512,-0.20972779276181908,0.004099574766801153
d3d_shot_011e881b81,flat_top,ff_prime,persistence,63,1512,-0.20957196346349094,0.00409904668613443
d3d_shot_011e881b81,flat_top,psi,tuned_transport,63,1512,-2.2000252339495425,0.28359117817651347
d3d_shot_011e881b81,flat_top,psi,default_transport,63,1512,-0.4566816203624364,0.12909337481592176
d3d_shot_011e881b81,flat_top,psi,persistence,63,1512,-8.221582731353108,0.8172309029603902
d3d_shot_00ee8a5ce0,all,ff_prime,tuned_transport,121,2904,-0.5990204697357693,0.02187414244764751
d3d_shot_00ee8a5ce0,all,ff_prime,default_transport,121,2904,-0.5999770725665443,0.021887228500629463
d3d_shot_00ee8a5ce0,all,ff_prime,persistence,121,2904,-0.5955448794369997,0.021826597366940998
d3d_shot_00ee8a5ce0,all,psi,tuned_transport,121,2904,-2.1388127266734958,0.8203931501218525
d3d_shot_00ee8a5ce0,all,psi,default_transport,121,2904,-2.5720259543358233,0.9336223216159447
d3d_shot_00ee8a5ce0,all,psi,persistence,121,2904,-2.178242486231147,0.8306989273277233
d3d_shot_00ee8a5ce0,ramp,ff_prime,tuned_transport,80,1920,-0.6270446529074187,0.02221907242609155
d3d_shot_00ee8a5ce0,ramp,ff_prime,default_transport,80,1920,-0.6280636096673191,0.022232987393948654
d3d_shot_00ee8a5ce0,ramp,ff_prime,persistence,80,1920,-0.6234822461099501,0.02217042386902662
d3d_shot_00ee8a5ce0,ramp,psi,tuned_transport,80,1920,-1.984703983070848,0.7815471312814324
d3d_shot_00ee8a5ce0,ramp,psi,default_transport,80,1920,-2.3994772410026024,0.8901558414608907
d3d_shot_00ee8a5ce0,ramp,psi,persistence,80,1920,-2.023484619983921,0.7917018721537569
d3d_shot_00ee8a5ce0,flat_top,ff_prime,tuned_transport,15,360,-0.14104814613689376,0.010976490046075609
d3d_shot_00ee8a5ce0,flat_top,ff_prime,default_transport,15,360,-0.14103751399981967,0.010976387768579994
d3d_shot_00ee8a5ce0,flat_top,ff_prime,persistence,15,360,-0.13779562901490405,0.010945201951935954
d3d_shot_00ee8a5ce0,flat_top,psi,tuned_transport,15,360,-1.6960315223941222,0.8050837494131963
d3d_shot_00ee8a5ce0,flat_top,psi,default_transport,15,360,-2.057017982869624,0.9128808321523981
d3d_shot_00ee8a5ce0,flat_top,psi,persistence,15,360,-1.7342676014859677,0.816501733833047
d3d_shot_02d447f0c8,all,ff_prime,tuned_transport,129,3096,-1.151655219933525,0.029654511753536242
d3d_shot_02d447f0c8,all,ff_prime,default_transport,129,3096,-1.1528595638850976,0.029671110245495524
d3d_shot_02d447f0c8,all,ff_prime,persistence,129,3096,-1.14536949529246,0.02956788072941997
d3d_shot_02d447f0c8,all,psi,tuned_transport,129,3096,-2.466512815075375,1.927033308068833
d3d_shot_02d447f0c8,all,psi,default_transport,129,3096,-2.7963540876251223,2.1103919605494967
d3d_shot_02d447f0c8,all,psi,persistence,129,3096,-2.6636141385175502,2.036601867482701
d3d_shot_02d447f0c8,ramp,ff_prime,tuned_transport,78,1872,-1.2524706264520482,0.0268983589070344
d3d_shot_02d447f0c8,ramp,ff_prime,default_transport,78,1872,-1.2537535592396374,0.026913679322834238
d3d_shot_02d447f0c8,ramp,ff_prime,persistence,78,1872,-1.2465855711240175,0.02682808126232634
d3d_shot_02d447f0c8,ramp,psi,tuned_transport,78,1872,-2.138810547401919,1.5951555477828987
d3d_shot_02d447f0c8,ramp,psi,default_transport,78,1872,-2.453971601800402,1.7553216032923566
d3d_shot_02d447f0c8,ramp,psi,persistence,78,1872,-2.3179551322676564,1.686197512274951
d3d_shot_02d447f0c8,flat_top,ff_prime,tuned_transport,19,456,-0.8213436741718962,0.023284771098583217
d3d_shot_02d447f0c8,flat_top,ff_prime,default_transport,19,456,-0.8223382207433447,0.02329748577159713
d3d_shot_02d447f0c8,flat_top,ff_prime,persistence,19,456,-0.8134942438408703,0.023184420905973183
d3d_shot_02d447f0c8,flat_top,psi,tuned_transport,19,456,-1.2414773646995614,1.6917330633738217
d3d_shot_02d447f0c8,flat_top,psi,default_transport,19,456,-1.4452591126517422,1.8455353395654546
d3d_shot_02d447f0c8,flat_top,psi,persistence,19,456,-1.3713287266212313,1.7897371055946334
d3d_shot_0112bdc95d,all,ff_prime,tuned_transport,193,4632,-1.1963900856849405,0.05131414442139695
d3d_shot_0112bdc95d,all,ff_prime,default_transport,193,4632,-1.1964760249109605,0.051316152214950644
d3d_shot_0112bdc95d,all,ff_prime,persistence,193,4632,-1.1963497865080521,0.05131320291387677
d3d_shot_0112bdc95d,all,psi,tuned_transport,193,4632,-0.6914702207976346,1.59381340390624
d3d_shot_0112bdc95d,all,psi,default_transport,193,4632,-0.014355702318247232,0.9557920055613971
d3d_shot_0112bdc95d,all,psi,persistence,193,4632,-2.94572341593434,3.717917579097152
d3d_shot_0112bdc95d,ramp,ff_prime,tuned_transport,69,1656,-1.216934537647341,0.024987021198486666
d3d_shot_0112bdc95d,ramp,ff_prime,default_transport,69,1656,-1.2170780092231128,0.024988638263512407
d3d_shot_0112bdc95d,ramp,ff_prime,persistence,69,1656,-1.2167836407878827,0.02498532044324918
d3d_shot_0112bdc95d,ramp,psi,tuned_transport,69,1656,-1.2853469567157818,0.4001436722877233
d3d_shot_0112bdc95d,ramp,psi,default_transport,69,1656,-0.7698206726344066,0.3098796623232966
d3d_shot_0112bdc95d,ramp,psi,persistence,69,1656,-2.629686765592319,0.6355254668750445
d3d_shot_0112bdc95d,flat_top,ff_prime,tuned_transport,119,2856,-1.4892386195976086,0.0687005740105714
d3d_shot_0112bdc95d,flat_top,ff_prime,default_transport,119,2856,-1.4893221462762165,0.06870287926596974
d3d_shot_0112bdc95d,flat_top,ff_prime,persistence,119,2856,-1.4892200547237193,0.06870006163804007
d3d_shot_0112bdc95d,flat_top,psi,tuned_transport,119,2856,-5.930802448599511,2.3528225694729823
d3d_shot_0112bdc95d,flat_top,psi,default_transport,119,2856,-3.0366960064840054,1.3703506254281113
d3d_shot_0112bdc95d,flat_top,psi,persistence,119,2856,-15.67670696674887,5.661297205748903
d3d_shot_041d27b1a2,all,ff_prime,tuned_transport,97,2328,-1.7886649982422798,0.07238906932427458
d3d_shot_041d27b1a2,all,ff_prime,default_transport,97,2328,-1.7876651934976504,0.07236311606885834
d3d_shot_041d27b1a2,all,ff_prime,persistence,97,2328,-1.7917554557776243,0.07246929242203312
d3d_shot_041d27b1a2,all,psi,tuned_transport,97,2328,-3.4781133292008386,0.026903454391811386
d3d_shot_041d27b1a2,all,psi,default_transport,97,2328,-6.637776770431344,0.04588597114285324
d3d_shot_041d27b1a2,all,psi,persistence,97,2328,-3.3197825474517586,0.02595224019679985
d3d_shot_041d27b1a2,ramp,ff_prime,tuned_transport,57,1368,-1.8375939810740576,0.07489554298719668
d3d_shot_041d27b1a2,ramp,ff_prime,default_transport,57,1368,-1.8365807481608538,0.07486879968645914
d3d_shot_041d27b1a2,ramp,ff_prime,persistence,57,1368,-1.8407444383985796,0.07497869625491287
d3d_shot_041d27b1a2,ramp,psi,tuned_transport,57,1368,-3.6914431061945328,0.0271337790763497
d3d_shot_041d27b1a2,ramp,psi,default_transport,57,1368,-7.007329055030025,0.046311783528599305
d3d_shot_041d27b1a2,ramp,psi,persistence,57,1368,-3.5349187776103443,0.026228493334683235
d3d_shot_041d27b1a2,flat_top,ff_prime,tuned_transport,18,432,-1.7439115401726095,0.019605268487352136
d3d_shot_041d27b1a2,flat_top,ff_prime,default_transport,18,432,-1.743316197892279,0.019601014762304202
d3d_shot_041d27b1a2,flat_top,ff_prime,persistence,18,432,-1.7458044334096643,0.019618793223695502
d3d_shot_041d27b1a2,flat_top,psi,tuned_transport,18,432,-2.217026795252728,0.011937804654635276
d3d_shot_041d27b1a2,flat_top,psi,default_transport,18,432,-4.886608538982013,0.021844139725654545
d3d_shot_041d27b1a2,flat_top,psi,persistence,18,432,-1.4510763174800365,0.00909550094977707
d3d_shot_0409a2c96c,all,ff_prime,tuned_transport,181,4343,-0.21015965307278783,0.043359775756602145
d3d_shot_0409a2c96c,all,ff_prime,default_transport,181,4343,-0.21025678940146664,0.04336325613162426
d3d_shot_0409a2c96c,all,ff_prime,persistence,181,4343,-0.2080205661059198,0.043283132702958964
d3d_shot_0409a2c96c,all,psi,tuned_transport,181,4343,-2.066720552623707,1.2369421929927553
d3d_shot_0409a2c96c,all,psi,default_transport,181,4343,-2.1242213201671687,1.2601347611721827
d3d_shot_0409a2c96c,all,psi,persistence,181,4343,-2.39013811092823,1.3673906042375623
d3d_shot_0409a2c96c,ramp,ff_prime,tuned_transport,11,264,-0.40541941137625126,0.08973083298691989
d3d_shot_0409a2c96c,ramp,ff_prime,default_transport,11,264,-0.405440558129339,0.08973218312891605
d3d_shot_0409a2c96c,ramp,ff_prime,persistence,11,264,-0.405422780013835,0.08973104806197434
d3d_shot_0409a2c96c,ramp,psi,tuned_transport,11,264,-16.236840666034407,2.136754917570286
d3d_shot_0409a2c96c,ramp,psi,default_transport,11,264,-16.706209232453123,2.1949399186316687
d3d_shot_0409a2c96c,ramp,psi,persistence,11,264,-17.36994065107846,2.2772189975053423
d3d_shot_0409a2c96c,flat_top,ff_prime,tuned_transport,34,815,-0.24137865060347408,0.06345862642285274
d3d_shot_0409a2c96c,flat_top,ff_prime,default_transport,34,815,-0.2414092365286047,0.06346018995932547
d3d_shot_0409a2c96c,flat_top,ff_prime,persistence,34,815,-0.24133540682730503,0.06345641582366475
d3d_shot_0409a2c96c,flat_top,psi,tuned_transport,34,815,-29.62052977519222,3.189290886373917
d3d_shot_0409a2c96c,flat_top,psi,default_transport,34,815,-28.470792080965374,3.0695395960847134
d3d_shot_0409a2c96c,flat_top,psi,persistence,34,815,-34.9818691277761,3.7477028688408756
d3d_shot_029aa18a13,all,ff_prime,tuned_transport,237,5688,-0.9871460068073719,0.04644790930145854
d3d_shot_029aa18a13,all,ff_prime,default_transport,237,5688,-0.987746357626424,0.04646194200982364
d3d_shot_029aa18a13,all,ff_prime,persistence,237,5688,-0.9847680126412142,0.04639232563676017
d3d_shot_029aa18a13,all,psi,tuned_transport,237,5688,-2.1208730407520577,1.417654354074407
d3d_shot_029aa18a13,all,psi,default_transport,237,5688,-2.0964034695278255,1.4065390687887207
d3d_shot_029aa18a13,all,psi,persistence,237,5688,-3.072719400098558,1.8500298842921528
d3d_shot_029aa18a13,ramp,ff_prime,tuned_transport,42,1008,-1.1358437997438076,0.04505739517864138
d3d_shot_029aa18a13,ramp,ff_prime,default_transport,42,1008,-1.1359385408628775,0.045059393821071186
d3d_shot_029aa18a13,ramp,ff_prime,persistence,42,1008,-1.135848522450944,0.04505749480806269
d3d_shot_029aa18a13,ramp,psi,tuned_transport,42,1008,-11.402900364030883,2.2570880831635676
d3d_shot_029aa18a13,ramp,psi,default_transport,42,1008,-11.409320681403711,2.2582564568025565
d3d_shot_029aa18a13,ramp,psi,persistence,42,1008,-13.921147712468871,2.7153604157464595
d3d_shot_029aa18a13,flat_top,ff_prime,tuned_transport,46,1104,-1.1960369669711954,0.06498459350186922
d3d_shot_029aa18a13,flat_top,ff_prime,default_transport,46,1104,-1.1960977374731674,0.06498639180782989
d3d_shot_029aa18a13,flat_top,ff_prime,persistence,46,1104,-1.196026127506836,0.06498427274306791
d3d_shot_029aa18a13,flat_top,psi,tuned_transport,46,1104,-9.112132898767792,2.069723180647671
d3d_shot_029aa18a13,flat_top,psi,default_transport,46,1104,-5.963715169278983,1.4253138139670627
d3d_shot_029aa18a13,flat_top,psi,persistence,46,1104,-17.653160691878995,3.8178769467153977
d3d_shot_0073c37714,all,ff_prime,tuned_transport,264,6336,-1.1601099323895618,0.007330595477815559
d3d_shot_0073c37714,all,ff_prime,default_transport,264,6336,-1.1591825749139693,0.007327448377561557
d3d_shot_0073c37714,all,ff_prime,persistence,264,6336,-1.1655097491757918,0.0073489204120796145
d3d_shot_0073c37714,all,psi,tuned_transport,264,6336,-0.07786653281949074,0.10058971635052845
d3d_shot_0073c37714,all,psi,default_transport,264,6336,0.07811038634883705,0.08603348551986129
d3d_shot_0073c37714,all,psi,persistence,264,6336,-1.6636777025939464,0.2485823396448508
d3d_shot_0073c37714,ramp,ff_prime,tuned_transport,19,456,-7.983087171915509,0.005923909579828034
d3d_shot_0073c37714,ramp,ff_prime,default_transport,19,456,-7.981516844795552,0.005922874025380956
d3d_shot_0073c37714,ramp,ff_prime,persistence,19,456,-7.983160244877167,0.005923957767896269
d3d_shot_0073c37714,ramp,psi,tuned_transport,19,456,-19.648879777321156,0.13270970405690086
d3d_shot_0073c37714,ramp,psi,default_transport,19,456,-24.256373293843005,0.1623219206815177
d3d_shot_0073c37714,ramp,psi,persistence,19,456,-24.865172451033825,0.1662346538104897
d3d_shot_0073c37714,flat_top,ff_prime,tuned_transport,98,2352,-0.2950524257247442,0.008304883077050504
d3d_shot_0073c37714,flat_top,ff_prime,default_transport,98,2352,-0.294938506387147,0.008304152537683782
d3d_shot_0073c37714,flat_top,ff_prime,persistence,98,2352,-0.295091001675438,0.00830513045603975
d3d_shot_0073c37714,flat_top,psi,tuned_transport,98,2352,-2.8851419442127146,0.17946360478234866
d3d_shot_0073c37714,flat_top,psi,default_transport,98,2352,-1.0645508008405522,0.09536633005829875
d3d_shot_0073c37714,flat_top,psi,persistence,98,2352,-11.555389558796733,0.5799622001004958
d3d_shot_01f9541419,all,ff_prime,tuned_transport,175,4200,-0.5147045328751481,0.0011068523376723484
d3d_shot_01f9541419,all,ff_prime,default_transport,175,4200,-0.5146923399593131,0.0011068434278439943
d3d_shot_01f9541419,all,ff_prime,persistence,175,4200,-0.5151633007369181,0.0011071875768356493
d3d_shot_01f9541419,all,psi,tuned_transport,175,4200,0.38205998539718145,0.18822499528720238
d3d_shot_01f9541419,all,psi,default_transport,175,4200,0.8750407296325492,0.038062688157722686
d3d_shot_01f9541419,all,psi,persistence,175,4200,-2.2218791877242503,0.9813868346349461
d3d_shot_01f9541419,ramp,ff_prime,tuned_transport,0,0,nan,nan
d3d_shot_01f9541419,ramp,ff_prime,default_transport,0,0,nan,nan
d3d_shot_01f9541419,ramp,ff_prime,persistence,0,0,nan,nan
d3d_shot_01f9541419,ramp,psi,tuned_transport,0,0,nan,nan
d3d_shot_01f9541419,ramp,psi,default_transport,0,0,nan,nan
d3d_shot_01f9541419,ramp,psi,persistence,0,0,nan,nan
d3d_shot_01f9541419,flat_top,ff_prime,tuned_transport,175,4200,-0.5147045328751481,0.0011068523376723484
d3d_shot_01f9541419,flat_top,ff_prime,default_transport,175,4200,-0.5146923399593131,0.0011068434278439943
d3d_shot_01f9541419,flat_top,ff_prime,persistence,175,4200,-0.5151633007369181,0.0011071875768356493
d3d_shot_01f9541419,flat_top,psi,tuned_transport,175,4200,0.38205998539718145,0.18822499528720238
d3d_shot_01f9541419,flat_top,psi,default_transport,175,4200,0.8750407296325492,0.038062688157722686
d3d_shot_01f9541419,flat_top,psi,persistence,175,4200,-2.2218791877242503,0.9813868346349461
d3d_shot_021c290db2,all,ff_prime,tuned_transport,244,5856,-0.6243768761368476,0.027094121249261104
d3d_shot_021c290db2,all,ff_prime,default_transport,244,5856,-0.6246433447866351,0.027098565866771073
d3d_shot_021c290db2,all,ff_prime,persistence,244,5856,-0.6211634193421494,0.027040521749475143
d3d_shot_021c290db2,all,psi,tuned_transport,244,5856,-2.4019022332330824,2.354651498479222
d3d_shot_021c290db2,all,psi,default_transport,244,5856,-2.2900303442767456,2.2772185527597935
d3d_shot_021c290db2,all,psi,persistence,244,5856,-3.1808527055146003,2.8938077619605616
d3d_shot_021c290db2,ramp,ff_prime,tuned_transport,28,672,-0.7059679505246605,0.03491908349328564
d3d_shot_021c290db2,ramp,ff_prime,default_transport,28,672,-0.7060784908704494,0.0349213461193583
d3d_shot_021c290db2,ramp,ff_prime,persistence,28,672,-0.7059968940434498,0.03491967593181819
d3d_shot_021c290db2,ramp,psi,tuned_transport,28,672,-20.19271333053027,3.570095475803471
d3d_shot_021c290db2,ramp,psi,default_transport,28,672,-20.638787472484502,3.645240515101932
d3d_shot_021c290db2,ramp,psi,persistence,28,672,-22.17974462168017,3.9048280469554015
d3d_shot_021c290db2,flat_top,ff_prime,tuned_transport,68,1632,-0.5879325413200593,0.037875106039774
d3d_shot_021c290db2,flat_top,ff_prime,default_transport,68,1632,-0.5880158366395345,0.03787709278604669
d3d_shot_021c290db2,flat_top,ff_prime,persistence,68,1632,-0.5879141460336401,0.037874667278425124
d3d_shot_021c290db2,flat_top,psi,tuned_transport,68,1632,-22.21074803449521,4.1761353542640345
d3d_shot_021c290db2,flat_top,psi,default_transport,68,1632,-18.83485036076032,3.5687354718169195
d3d_shot_021c290db2,flat_top,psi,persistence,68,1632,-31.551478449263733,5.8567427376103725
d3d_shot_03abb11dc9,all,ff_prime,tuned_transport,183,4392,-0.13308751962466747,0.012594403770259843
d3d_shot_03abb11dc9,all,ff_prime,default_transport,183,4392,-0.13336842404908733,0.012597526056650543
d3d_shot_03abb11dc9,all,ff_prime,persistence,183,4392,-0.13301881108960267,0.012593640066646416
d3d_shot_03abb11dc9,all,psi,tuned_transport,183,4392,-3.3230402533733887,0.27025047557323995
d3d_shot_03abb11dc9,all,psi,default_transport,183,4392,-4.509861437219559,0.34444339781229183
d3d_shot_03abb11dc9,all,psi,persistence,183,4392,-4.0128002524537685,0.3133701221315644
d3d_shot_03abb11dc9,ramp,ff_prime,tuned_transport,32,768,-0.2556379771461199,0.013142847802448959
d3d_shot_03abb11dc9,ramp,ff_prime,default_transport,32,768,-0.2556215626098344,0.01314267599038523
d3d_shot_03abb11dc9,ramp,ff_prime,persistence,32,768,-0.2556690569505429,0.013143173116868157
d3d_shot_03abb11dc9,ramp,psi,tuned_transport,32,768,-14.087881545122345,0.39920058777908257
d3d_shot_03abb11dc9,ramp,psi,default_transport,32,768,-16.587234438880778,0.46532936412663223
d3d_shot_03abb11dc9,ramp,psi,persistence,32,768,-18.18137811667843,0.5075077899896628
d3d_shot_03abb11dc9,flat_top,ff_prime,tuned_transport,21,504,-0.10917741549482063,0.014680053664430768
d3d_shot_03abb11dc9,flat_top,ff_prime,default_transport,21,504,-0.10919006307808954,0.014680221056228075
d3d_shot_03abb11dc9,flat_top,ff_prime,persistence,21,504,-0.10919229047513146,0.014680250536009803
d3d_shot_03abb11dc9,flat_top,psi,tuned_transport,21,504,-10.398611831136687,0.3170423733577254
d3d_shot_03abb11dc9,flat_top,psi,default_transport,21,504,-7.375395830980976,0.23295427648577197
d3d_shot_03abb11dc9,flat_top,psi,persistence,21,504,-22.21180777239044,0.6456160394882136
d3d_shot_00000a10ac,all,ff_prime,tuned_transport,59,1416,-1.5291476371694719,0.007439014487702707
d3d_shot_00000a10ac,all,ff_prime,default_transport,59,1416,-1.5307628726694111,0.007443765400661884
d3d_shot_00000a10ac,all,ff_prime,persistence,59,1416,-1.5244582466825873,0.007425221523125332
d3d_shot_00000a10ac,all,psi,tuned_transport,59,1416,-2.3494506935192967,0.48820858678114604
d3d_shot_00000a10ac,all,psi,default_transport,59,1416,-2.9035492049527116,0.568972770510691
d3d_shot_00000a10ac,all,psi,persistence,59,1416,-2.494472405629785,0.5093466334641538
d3d_shot_00000a10ac,ramp,ff_prime,tuned_transport,46,1104,-1.8882368701082064,0.008121163450489676
d3d_shot_00000a10ac,ramp,ff_prime,default_transport,46,1104,-1.8899374138914924,0.008125945050697646
d3d_shot_00000a10ac,ramp,ff_prime,persistence,46,1104,-1.8831922574891147,0.0081069789755084
d3d_shot_00000a10ac,ramp,psi,tuned_transport,46,1104,-3.723113527454144,0.5315014189370395
d3d_shot_00000a10ac,ramp,psi,default_transport,46,1104,-4.5167703540845014,0.6208132102058973
d3d_shot_00000a10ac,ramp,psi,persistence,46,1104,-3.9261662628204137,0.554351349674231
d3d_shot_00000a10ac,flat_top,ff_prime,tuned_transport,9,216,-2.3408923469311262,0.0013669466491623668
d3d_shot_00000a10ac,flat_top,ff_prime,default_transport,9,216,-2.3413861793593496,0.0013671487037372853
d3d_shot_00000a10ac,flat_top,ff_prime,persistence,9,216,-2.339051538333631,0.0013661934710043197
d3d_shot_00000a10ac,flat_top,psi,tuned_transport,9,216,-1.3037620691062997,0.02018417091929448
d3d_shot_00000a10ac,flat_top,psi,default_transport,9,216,-2.1584863399737286,0.027672748408874414
d3d_shot_00000a10ac,flat_top,psi,persistence,9,216,-1.5647658050653965,0.022470927910313302
d3d_shot_002495e835,all,ff_prime,tuned_transport,293,7032,-0.5545162994118236,0.0376020879536944
d3d_shot_002495e835,all,ff_prime,default_transport,293,7032,-0.5545411209676498,0.037602688360602765
d3d_shot_002495e835,all,ff_prime,persistence,293,7032,-0.5544928365668838,0.03760152041255032
d3d_shot_002495e835,all,psi,tuned_transport,293,7032,-0.584825191366926,0.57232274189707
d3d_shot_002495e835,all,psi,default_transport,293,7032,-4.871835802051941,2.1204768730999373
d3d_shot_002495e835,all,psi,persistence,293,7032,-2.783610599949426,1.3663629305173757
d3d_shot_002495e835,ramp,ff_prime,tuned_transport,60,1440,-0.3414718448546874,0.0050087402154256385
d3d_shot_002495e835,ramp,ff_prime,default_transport,60,1440,-0.3415413610914535,0.005008999772696296
d3d_shot_002495e835,ramp,ff_prime,persistence,60,1440,-0.34136798440830773,0.005008352424957602
d3d_shot_002495e835,ramp,psi,tuned_transport,60,1440,0.03589043653182866,0.06722628910022153
d3d_shot_002495e835,ramp,psi,default_transport,60,1440,0.6963418263337335,0.021173747200576996
d3d_shot_002495e835,ramp,psi,persistence,60,1440,-1.6507535714357542,0.18483410255339486
d3d_shot_002495e835,flat_top,ff_prime,tuned_transport,233,5592,-0.6799994966211542,0.04599522471033015
d3d_shot_002495e835,flat_top,ff_prime,default_transport,233,5592,-0.6800246327296138,0.04599591288967739
d3d_shot_002495e835,flat_top,ff_prime,persistence,233,5592,-0.6799770762024651,0.045994610881458314
d3d_shot_002495e835,flat_top,psi,tuned_transport,233,5592,-1.3917263361187469,0.7023904979820954
d3d_shot_002495e835,flat_top,psi,default_transport,233,5592,-8.061271623811828,2.661069952730674
d3d_shot_002495e835,flat_top,psi,persistence,233,5592,-4.688664843320915,1.6706192810660405
d3d_shot_001270afa9,all,ff_prime,tuned_transport,252,6048,-0.27812347421836536,0.013476730768135551
d3d_shot_001270afa9,all,ff_prime,default_transport,252,6048,-0.27831946572264843,0.01347879733274323
d3d_shot_001270afa9,all,ff_prime,persistence,252,6048,-0.273693497556595,0.01343002041191092
d3d_shot_001270afa9,all,psi,tuned_transport,252,6048,-2.625355154366356,1.7664835216234436
d3d_shot_001270afa9,all,psi,default_transport,252,6048,-2.435330391742772,1.6738924243151752
d3d_shot_001270afa9,all,psi,persistence,252,6048,-4.222792949430647,2.5448479636287855
d3d_shot_001270afa9,ramp,ff_prime,tuned_transport,23,552,-0.34925011931136996,0.017660823788664157
d3d_shot_001270afa9,ramp,ff_prime,default_transport,23,552,-0.34931075105978904,0.017661617419592553
d3d_shot_001270afa9,ramp,ff_prime,persistence,23,552,-0.3492232143062248,0.017660471619301264
d3d_shot_001270afa9,ramp,psi,tuned_transport,23,552,-24.83200687653231,2.901901762004028
d3d_shot_001270afa9,ramp,psi,default_transport,23,552,-24.509509887611664,2.8656732728718106
d3d_shot_001270afa9,ramp,psi,persistence,23,552,-28.231751791554363,3.2838204339222163
d3d_shot_001270afa9,flat_top,ff_prime,tuned_transport,76,1824,-0.001593216511617479,0.006910837454585823
d3d_shot_001270afa9,flat_top,ff_prime,default_transport,76,1824,-0.001617146359720767,0.0069110025668168455
d3d_shot_001270afa9,flat_top,ff_prime,persistence,76,1824,-0.001568477200708518,0.006910666757187307
d3d_shot_001270afa9,flat_top,psi,tuned_transport,76,1824,-26.9940891768901,2.3912887197443404
d3d_shot_001270afa9,flat_top,psi,default_transport,76,1824,-21.234736310223628,1.8993178806124797
d3d_shot_001270afa9,flat_top,psi,persistence,76,1824,-54.57448997833315,4.7472396815982565
d3d_shot_0150a57d75,all,ff_prime,tuned_transport,236,5664,-0.04663343893805427,0.006679390796753367
d3d_shot_0150a57d75,all,ff_prime,default_transport,236,5664,-0.046669292629290204,0.006679619607343934
d3d_shot_0150a57d75,all,ff_prime,persistence,236,5664,-0.04660847667531831,0.006679231492930479
d3d_shot_0150a57d75,all,psi,tuned_transport,236,5664,0.6883340893130351,0.07235102786288564
d3d_shot_0150a57d75,all,psi,default_transport,236,5664,0.49576291417749674,0.11705505862168714
d3d_shot_0150a57d75,all,psi,persistence,236,5664,-4.8732729461187505,1.3634386052498833
d3d_shot_0150a57d75,ramp,ff_prime,tuned_transport,20,480,-1.7431639142412818,0.004128837874492258
d3d_shot_0150a57d75,ramp,ff_prime,default_transport,20,480,-1.743259809230465,0.0041289822096015295
d3d_shot_0150a57d75,ramp,ff_prime,persistence,20,480,-1.7426175226990992,0.0041280154802919135
d3d_shot_0150a57d75,ramp,psi,tuned_transport,20,480,-1.109927429966047,0.03819488483458577
d3d_shot_0150a57d75,ramp,psi,default_transport,20,480,-0.5418291712407772,0.027910906694593736
d3d_shot_0150a57d75,ramp,psi,persistence,20,480,-2.4628155649574133,0.06268549326793092
d3d_shot_0150a57d75,flat_top,ff_prime,tuned_transport,216,5184,-0.029620530254951483,0.006915553104370139
d3d_shot_0150a57d75,flat_top,ff_prime,default_transport,216,5184,-0.02965576121445812,0.006915789736764527
d3d_shot_0150a57d75,flat_top,ff_prime,persistence,216,5184,-0.02960595345847694,0.00691545519780442
d3d_shot_0150a57d75,flat_top,psi,tuned_transport,216,5184,0.5768179474482639,0.07551363369883932
d3d_shot_0150a57d75,flat_top,psi,default_transport,216,5184,0.297761485797445,0.12530914676308466
d3d_shot_0150a57d75,flat_top,psi,persistence,216,5184,-7.3157279913584095,1.483878708211175
pooled,all,ff_prime,tuned_transport,4141,99383,-0.11955968429700348,0.02418898135976571
pooled,all,ff_prime,default_transport,4141,99383,-0.11965292428878138,0.024190995884274525
pooled,all,ff_prime,persistence,4141,99383,-0.11891221702910126,0.02417499231220173
pooled,all,psi,tuned_transport,4141,99383,-0.29544114502158303,0.7902748156773876
pooled,all,psi,default_transport,4141,99383,-0.3878102204732925,0.8466239245175844
pooled,all,psi,persistence,4141,99383,-1.9290664797949288,1.786856532481208
pooled,ramp,ff_prime,tuned_transport,833,19992,-0.11190302254165063,0.02283737085146727
pooled,ramp,ff_prime,default_transport,833,19992,-0.11198908934584018,0.022839138577146065
pooled,ramp,ff_prime,persistence,833,19992,-0.11158871670443782,0.022830915325382988
pooled,ramp,psi,tuned_transport,833,19992,-0.8906932879254656,0.7032419309199394
pooled,ramp,psi,default_transport,833,19992,-0.9921161535948915,0.7409660886922773
pooled,ramp,psi,persistence,833,19992,-1.388013315194097,0.8882197369422434
pooled,flat_top,ff_prime,tuned_transport,2353,56471,-0.1352718400968842,0.024546442210414306
pooled,flat_top,ff_prime,default_transport,2353,56471,-0.1353036641404921,0.024547130298517728
pooled,flat_top,ff_prime,persistence,2353,56471,-0.1352149132757292,0.024545211359021407
pooled,flat_top,psi,tuned_transport,2353,56471,-0.28655967878660293,0.8088658185583322
pooled,flat_top,psi,default_transport,2353,56471,-0.3556972080985914,0.8523328921516731
pooled,flat_top,psi,persistence,2353,56471,-2.9555405771654315,2.4868660347005203
